row_number,question,answer,coherence_score,faithfulness_score,answer_relevancy_score
1,"When did Airbnb go public, what was the price per share","Airbnb went public on December 9, 2020. The IPO was priced at $68 per share.",0.6091949809906364,1.0,1.0
2,Why did Wimdu unlike Airbnb not take off?,"Wimdu, a competitor to Airbnb, did not take off for several reasons, as inferred from the context provided:

1. **Lack of Reviews and Trust**: One of the critical factors for Airbnb's success was the trust built through reviews. Reviews are essential for users to feel comfortable staying in a stranger's home or hosting strangers. Wimdu, being a clone of Airbnb, likely struggled to build a similar level of trust and community, as it would have had many listings with no reviews, making it less appealing to potential users.

2. **First-Mover Advantage and Network Effects**: Airbnb had already established a significant presence and network effect by the time Wimdu entered the market. Airbnb's global network effect was powerful, as it was not just about having listings but having a variety of reviewed and trusted listings. This made it difficult for Wimdu to compete, as users preferred a platform with more options and established trust.

3. **Strategic and Financial Backing**: Airbnb had strong financial backing and strategic moves, such as acquiring smaller competitors in Europe and opening offices to strengthen its presence. This aggressive expansion and consolidation of the market likely made it difficult for Wimdu to gain a foothold.

4. **Quality of Listings and User Experience**: Airbnb's focus on quality listings and user experience, including professional photography and smooth payment systems, may have given it an edge over Wimdu. Users are more likely to choose a platform that offers a seamless and reliable experience.

5. **Brand and Market Perception**: Airbnb had already built a strong brand and market perception as a pioneer in the home-sharing space. This brand recognition and loyalty can be challenging for a new entrant like Wimdu to overcome, especially when competing against a well-established player.

Overall, Wimdu's inability to replicate Airbnb's trust, network effects, strategic expansion, and brand strength likely contributed to its failure to take off in the same way Airbnb did.",0.9437823499114202,1.0,1.0
3,Why does market fragmentation work for airline industry but could't work for Airbnb,"Market fragmentation works for the airline industry but couldn't work for Airbnb due to several key differences in the nature of their services and the dynamics of their respective markets:

1. **Nature of Service and Infrastructure**:
   - **Airline Industry**: The airline industry involves significant infrastructure and operational requirements, such as aircraft, maintenance, and airport facilities. This creates natural barriers to entry and allows for regional players to thrive. Regional airlines can operate effectively within specific geographic areas, providing services that are tailored to local demand and infrastructure capabilities. Additionally, the airline industry benefits from alliances and partnerships that allow for a fragmented market to still offer global connectivity.
   - **Airbnb**: In contrast, Airbnb operates a platform that connects hosts and guests globally without owning the underlying real estate. The service is inherently global, as travelers often seek accommodations across different countries and regions. This global nature means that a fragmented market would struggle to provide the seamless, interconnected experience that users expect from a platform like Airbnb.

2. **Network Effects**:
   - **Airline Industry**: While network effects exist in the airline industry, they are often managed through alliances and code-sharing agreements, allowing airlines to offer extensive route networks without needing to operate globally themselves. This supports a fragmented market where regional players can still participate in a global network.
   - **Airbnb**: Airbnb benefits from strong network effects that are global in nature. Travelers value the ability to find accommodations anywhere in the world through a single platform. Fragmentation would dilute these network effects, as users would need to navigate multiple platforms to achieve the same global reach, reducing the overall value proposition of the service.

3. **Consumer Experience and Expectations**:
   - **Airline Industry**: Consumers often choose airlines based on specific routes, pricing, and service quality. The experience is relatively standardized, and consumers are accustomed to using different airlines for different legs of a journey.
   - **Airbnb**: Consumers expect a consistent and seamless experience when booking accommodations. They value the ability to compare a wide range of options in one place and trust the platform's review and payment systems. Fragmentation would complicate this process, as users would need to manage multiple accounts and systems, diminishing the convenience and trust that Airbnb provides.

4. **Market Dynamics and Competition**:
   - **Airline Industry**: The airline industry is characterized by high fixed costs and significant regulatory oversight, which can limit competition and support regional monopolies or oligopolies. This allows for a fragmented market where different players can dominate specific regions or niches.
   - **Airbnb**: The short-term rental market is more fluid and less regulated, allowing for rapid entry and exit of hosts. A single, dominant platform like Airbnb can leverage its scale to offer competitive pricing, a wide range of options, and a trusted brand, making it difficult for fragmented competitors to gain traction.

In summary, the airline industry's infrastructure, regional focus, and ability to form alliances support market fragmentation, while Airbnb's global network effects, consumer expectations for a seamless experience, and competitive dynamics favor a more consolidated market.",0.9468790626626242,1.0,1.0
4,How many hot dogs does Costco currently sell per year?,"Costco sells 130 million hot dogs per year. This figure is part of their food court offerings, which includes the famous $1.50 hot dog and soda deal that has been priced the same for many years.",0.8857889648298354,1.0,0.5
5,"What store was created as ""the price club of hardware stores""?","The store that was created as ""the Price Club of hardware stores"" is Home Depot. Bernie Marcus, who was the president running the Handy Dan hardware store chain, was kicked out by the board and was looking for a second act. Sol Price, the founder of Price Club, had Bernie Marcus out to San Diego, showed him the Price Club warehouse, and gave him the playbook. Sol encouraged Bernie to take the Price Club model and apply it to hardware stores. Bernie Marcus then went home, turned around, and started Home Depot, which became the ""Price Club of hardware stores.""",0.9437823499114202,1.0,1.0
6,How long did it take for Costco to generate 1 billion dollars in revenue?,"Costco reached 1 billion dollars in revenue in less than three years after its founding. This milestone was achieved in the 1980s, highlighting the rapid growth and success of the company during its early years.",0.8663175125901219,1.0,1.0
7,What is the New Look?,"The New Look was a revolutionary fashion collection introduced by Christian Dior in February 1947. It marked a significant departure from the styles that had dominated during World War II. The New Look was characterized by its feminine and soft aesthetic, featuring exaggerated silhouettes and the use of luxurious fabrics. This was a radical statement at the time, as it came right after the war when fabric rationing was still in place. The collection was a complete repudiation of the wartime aesthetic, which had been influenced by Nazi ideology that favored practicality and uniformity over the slender, feminine styles of Parisian fashion.

The New Look was not just a fashion statement but also a cultural one, symbolizing a new chapter for France and the world in the post-war era. It was about celebrating life and opulence after years of austerity. The collection was so impactful that it quickly became a financial success, with Dior fashions accounting for 75% of Paris's fashion exports and 5% of France's total export revenue by 1949. The term ""New Look"" was coined by the editor-in-chief of Harper's Bazaar, who exclaimed at the show, ""It is quite a revolution, Dear Christian. Your dresses have such a new look.""",0.9962673115314956,1.0,1.0
8,How much money did the Arnaut family offer to buy out the Boussac group?,"The Arnault family, led by Bernard Arnault, offered $60 million to buy out the Boussac group. Bernard Arnault's family put up $15 million of their own money, while the remaining $45 million was rounded up by Lazard Freres, the investment bank, which also invested some of their own balance sheet into the deal. This bid was made to take over the Boussac group from the French government, which had taken control of the company after it filed for bankruptcy.",0.9167003718665759,1.0,0.8571428571428571
9,What is American Crown Jewel?,"The exact information about ""American Crown Jewel"" is not included in the provided context.",0.1397351048968416,1.0,1.0
10,"According to Information Theory, what is the importance of knowing what message your sender is trying to convey?","In the context of Information Theory, knowing what message your sender is trying to convey is crucial for efficient communication, especially in noisy environments. This concept is tied to the idea of entropy and the predictability of messages.

1. **Entropy and Predictability**: Entropy in Information Theory refers to the measure of uncertainty or randomness in a message. If a receiver has a high expectation or predictability of what the message will be, the entropy is low. For example, if you are expecting a specific message like ""I just had breakfast,"" the actual transmission of this message can tolerate more noise because the receiver can fill in the gaps based on their expectations.

2. **Noise and Medium**: All communication occurs through a medium, which can introduce noise. The noisier the medium, the more difficult it is to accurately convey a message. However, if the receiver knows what to expect, they can more easily discern the intended message from the noise. This is akin to being in a loud room where you can still understand a familiar phrase despite the background noise.

3. **Efficient Use of Medium**: Knowing the expected message allows for more efficient use of the communication medium. If the message is predictable, it can be transmitted with less power or bandwidth, as the receiver can reconstruct the message even if parts of it are lost or distorted. This efficiency is crucial in environments with limited bandwidth or power, such as satellite communications or mobile networks.

4. **Error Correction and Redundancy**: When the expected message is known, error correction techniques can be more effectively applied. Redundancy can be minimized, and the communication system can focus on transmitting only the unpredictable parts of the message, thus optimizing the use of resources.

In summary, knowing what message your sender is trying to convey reduces the entropy of the message, allows for more efficient communication in noisy environments, and enables better error correction and resource optimization. This understanding is fundamental to designing communication systems that can operate effectively under various constraints.",0.9731058570765528,1.0,1.0
11,Compare the impact on Qualcomm between the two Jacobs.,"The impact of the two Jacobs, Irwin Jacobs and his son Paul Jacobs, on Qualcomm can be compared in terms of their leadership styles, strategic decisions, and the company's growth and challenges during their respective tenures.

**Irwin Jacobs:**
1. **Founding and Vision:** Irwin Jacobs co-founded Qualcomm in 1985, bringing his expertise in digital communications and information theory to the company. His vision was to revolutionize the telecommunications industry by introducing digital cellular technology, specifically through the development and implementation of CDMA (Code Division Multiple Access) technology.
   
2. **Strategic Innovations:** Under Irwin's leadership, Qualcomm patented CDMA technology, which became a cornerstone of the company's success. This technology allowed for more efficient use of the radio spectrum, enabling more simultaneous calls and better voice quality compared to the existing analog systems. Irwin's foresight in recognizing the potential of digital communications and his strategic decision to patent CDMA were pivotal in establishing Qualcomm as a leader in the telecommunications industry.

3. **Business Model and Growth:** Irwin Jacobs was instrumental in developing Qualcomm's business model, which included licensing its CDMA technology to other companies. This model generated significant revenue and positioned Qualcomm as a key player in the global telecommunications market. The company's growth during Irwin's tenure was marked by the widespread adoption of CDMA technology and the expansion of Qualcomm's influence in the industry.

4. **Philanthropy and Legacy:** Irwin Jacobs is also known for his philanthropic efforts, particularly in the San Diego area, where Qualcomm is headquartered. His contributions to education and community development have left a lasting impact beyond the business realm.

**Paul Jacobs:**
1. **Leadership Transition:** Paul Jacobs took over as CEO in 2005, succeeding his father. He inherited a company that was already a leader in the telecommunications industry, with a strong foundation in CDMA technology and a successful licensing business.

2. **Strategic Challenges and Initiatives:** During Paul's tenure, Qualcomm faced several challenges, including increased competition and legal battles over its licensing practices. Paul Jacobs attempted to diversify Qualcomm's business by investing in new areas such as IoT (Internet of Things) and automotive technologies. However, these initiatives did not achieve the expected success during his leadership.

3. **Legal and Competitive Pressures:** Under Paul's leadership, Qualcomm became embroiled in numerous legal disputes, including antitrust lawsuits and challenges to its licensing practices. These legal battles, along with growing competition from companies like Intel and Mediatek, put pressure on Qualcomm's business model and market position.

4. **Mixed Legacy:** While Paul Jacobs continued to drive innovation at Qualcomm, his tenure is viewed with mixed results. The company maintained its leadership in the mobile chip market, but it also faced significant challenges that impacted its reputation and financial performance.

In summary, Irwin Jacobs' impact on Qualcomm was foundational, characterized by visionary leadership, strategic innovation, and the establishment of a successful business model. Paul Jacobs' tenure was marked by efforts to diversify and adapt to a changing industry landscape, but it also faced significant challenges and legal issues. Irwin's leadership laid the groundwork for Qualcomm's success, while Paul's leadership navigated the complexities of a mature and competitive market.",0.9106690596804883,1.0,0.94
12,What is the Scandinavian connection to Qualcomm's early rise?,The exact information regarding the Scandinavian connection to Qualcomm's early rise is not included in the provided context.,0.19580198948767508,1.0,1.0
13,When did AWS formed and who first head of AWS techincally?,"AWS, or Amazon Web Services, was formed in the early 2000s. The initial concept and development of AWS began around 2002 when Amazon started exploring the idea of providing web services and APIs to developers. The official launch of AWS as a cloud computing platform occurred in 2006 with the release of its first services, such as S3 (Simple Storage Service) and EC2 (Elastic Compute Cloud).

The first head of AWS, technically, was Collin Brier. At the time, AWS was part of the Amazon Associates Program, and Collin Brier was responsible for running it. This was before AWS evolved into the cloud computing giant it is known as today. Later, Andy Jassy took over AWS and played a significant role in its development and growth into a major business unit within Amazon.",0.8887062797813334,0.8333333333333334,1.0
14,What was the final words by Amazon CTO Werner Vogels in Quora Post in 2011?,"In a Quora post in 2011, Amazon CTO Werner Vogels addressed the myth regarding the origins of Amazon Web Services (AWS). He stated, ""The excess capacity story is a myth. It was never a matter of selling excess capacity. Actually, within two months after launch, AWS would have already burned through the excess amazon.com capacity. Amazon Web Services was always considered a business by itself with the expectation that it could even grow as big as the amazon.com retail operation."" This statement clarifies that AWS was not simply a way to monetize unused server capacity from Amazon's retail operations, but rather a strategic business initiative with its own growth expectations.",0.9622459324151743,1.0,0.0
15,What boots and jacket we often see Jeff Bezos in ?,The provided context does not include specific information about the boots and jacket that Jeff Bezos is often seen wearing.,0.22873444064741877,1.0,0.0
16,Where is Blue Origins operations are based in?,The exact information about where Blue Origin's operations are based is not included in the provided context.,0.18637043354955246,1.0,1.0
17,Which was one of the first free email services?,The exact information about one of the first free email services is not included in the provided context.,0.17198024938296017,1.0,1.0
18,When was the summit that eventually lead to the creation of Visa?,"The summit that eventually led to the creation of Visa took place in October 1968. This summit was organized by the franchisee banks of Bank of America's BankAmericard program, who were frustrated with the operational issues and lack of support from Bank of America. The meeting was held in Columbus, Ohio, where the franchisees demanded a resolution to their grievances. During the summit, Dee Hock, who was the BankAmericard franchisee program manager from the Seattle National Bank of Commerce, proposed that instead of merely reporting grievances back to Bank of America, the committee should design a new way of operating the system. This proposal was accepted, and it set the stage for the creation of a new organization that would eventually become Visa.",0.9939913352367424,1.0,1.0
19,What is Visa's net income margin and is there a company with a better margin?,"Visa's net income margin is 50%. This is an exceptionally high margin, especially for a company of Visa's size and scale. In the context provided, it is noted that Visa's net income margin is likely the highest among large-scale companies globally. For comparison, other major companies have significantly lower net income margins: Microsoft has a net income margin of 34%, Apple has 25%, and Google has 21%. Even MasterCard, which operates in the same industry as Visa, has a lower net income margin of 43%. Therefore, based on the provided context, there is no mention of another company with a better net income margin than Visa.",0.95,1.0,1.0
20,Visa is the global sponsor of what?,"Visa is the global sponsor of the Olympics. This sponsorship began in 1986 when the International Olympic Committee (IOC) offered companies the opportunity to become global sponsors of the Olympics for the first time. Prior to this, companies could only sponsor the Olympics in specific countries. Visa seized this opportunity after American Express, a major Olympic sponsor in the United States, declined the offer to become a global sponsor. Visa's decision to become the founding global Olympic sponsor involved a significant investment, including $17 million just for the rights and an additional $23 million in media for the 1988 Olympics, totaling $40 million, which is about $110 million in today's dollars. This sponsorship has been a long-term commitment, with Visa being the exclusive payment provider at the Olympics, and they are contracted to continue this sponsorship through at least 2032. This strategic move has helped Visa strengthen its brand association with the Olympics globally.",0.9939913346663323,1.0,0.5714285714285714
21,"In 1976, Steve Jobs along with Steve Wozniak created the game, Breakout, for Atari and Nolan Bushnell. Three industries were born concurrent with the creation of this game. What where they?","In 1976, Steve Jobs, along with Steve Wozniak, created the game Breakout for Atari and Nolan Bushnell. The creation of this game coincided with the birth of three significant industries:

1. **Home Video Game Console Industry**: This industry was initiated by the Magnavox Odyssey, which was the first home video game console. Atari, inspired by the Odyssey, developed Pong, which became a massive success and helped establish the home video game console market. The creation of Breakout further solidified Atari's position in this burgeoning industry.

2. **Arcade Video Game Industry**: Atari's success with Pong and subsequent games like Breakout contributed to the rapid growth of the arcade video game industry. By the late 1970s, arcade games were generating billions of dollars in annual revenue, with titles like Space Invaders leading the charge. This industry quickly became larger than both the movie and music industries combined.

3. **Personal Home Computer Industry**: The development of Breakout by Steve Jobs and Steve Wozniak also foreshadowed the rise of the personal home computer industry. Jobs and Wozniak would go on to found Apple, which played a pivotal role in the development and popularization of personal computers. The skills and innovations they honed while working on projects like Breakout were instrumental in their later success with Apple.

These three industries emerged concurrently with the creation of Breakout, each contributing to the broader landscape of technology and entertainment in significant ways.",0.9062243381162393,0.9090909090909091,0.7142857142857143
22,What does Nintendo mean?,"Nintendo's name is derived from the kanji characters Nin, Ten, and Do, which can be interpreted as ""leave luck to heaven."" This phrase references the element of luck in playing cards, which was Nintendo's original business. It also reflects the entrepreneurial spirit of a new venture. Additionally, the character Ten at the time was a clear reference to the mythical spirit, Tengu, which was a coded reference for gambling and casinos, activities that were very much illegal at the time Nintendo was founded. Thus, the name Nintendo carries multiple meanings related to its origins in the playing card and gambling business.",0.9033878611948486,1.0,1.0
23,What was a key strength of Hiroshi Yamauchi? This is something that he was just good at. ,The exact information about Hiroshi Yamauchi's key strength is not included in the provided context.,0.15653151267777252,1.0,1.0
24,"What are the 3 interrelated things that make Renaissance Technologies unique from other investment firms with similar commodities (smartest people with the best data and infrastructure), such as Citadel, DE Saw, Two Sigma, and Jane Street?","Renaissance Technologies (RenTech) distinguishes itself from other investment firms with similar resources, such as Citadel, D.E. Shaw, Two Sigma, and Jane Street, through three interrelated factors:

1. **Collaboration Over Competition**: RenTech fosters a culture where the smartest people in the world collaborate rather than compete. Unlike other financial firms where employees and teams often compete with one another, RenTech operates with a single model architecture. This means everyone works together on the same investment strategy and infrastructure, allowing all employees to see and contribute to each other's work. This collaborative environment ensures that when one team improves the model's performance, it benefits everyone equally, aligning incentives across the firm.

2. **Small, Cohesive Team**: RenTech operates with an exceptionally small team compared to its peers. With less than 400 employees, only about half of whom are involved in research and engineering, RenTech maintains a tight-knit community. This small size fosters a collegial atmosphere where everyone knows each other personally, enhancing collaboration and loyalty. The firm is located in a relatively isolated area on Long Island, which further strengthens the community feel and reduces external distractions and influences.

3. **Unique Incentive Structure**: RenTech employs a distinctive LP-GP fund structure with high management fees and carry, even though the GPs and LPs are the same people. This structure acts as a value transfer mechanism from the tenure base to the current team working on Medallion in any given year. Newer employees benefit from the high carry, while longer-tenured employees benefit from their growing LP stake. This setup ensures that all employees are highly incentivized to contribute to the firm's success, aligning short-term and long-term interests and reducing the likelihood of talent leaving to start competing ventures.

These elements combine to create a unique environment at RenTech that maximizes collaboration, maintains a strong community, and aligns incentives in a way that is distinct from other firms in the industry.",0.9851952805752188,1.0,1.0
25,"What series of philosophical arguments presented by an ancient Greek philosopher does Jim Simons, the founder of Renaissance Technologies, learn about as a 4-year-old that sparks his interest in math?","As a 4-year-old, Jim Simons, the founder of Renaissance Technologies, stumbled into one of Zeno's famous paradoxes from ancient Greek philosophy. The specific paradox he encountered is related to the concept of division and infinite sequences. The basic gist of Zeno's paradoxes is that if you are always taking a quantity and dividing it by two, you will never reach zero; you will only asymptotically approach zero. This concept intrigued young Jim Simons and sparked his interest in mathematics. The context provided an example of this paradox: Jim suggested that if they only used half the gas in the tank, they would still have gas left after that, and so on, which reflects the idea of Zeno's paradox about infinite divisibility.",0.8951858717268368,1.0,1.0
26,"In the year 2000, when the tech bubble bursts and the market is down big, what was the Medallion Fund's % gross returns?","In the year 2000, when the tech bubble burst and the market was down significantly, the Medallion Fund achieved gross returns of 128%. This performance was particularly notable because it occurred during a period when the broader market was experiencing substantial declines. The Medallion Fund's ability to generate such high returns in a volatile and declining market environment highlights its effectiveness and the robustness of its trading strategies.",0.9924141811916829,1.0,1.0
27,who was the first rocket engine engineer in spacex,"The first rocket engine engineer at SpaceX was Tom Mueller. He was known in the industry as a real savant about engines and was considered probably the best, most impressive rocket engine engineer in the world. Elon Musk met Tom Mueller and started asking him questions about how rocket engines work and what needs to go into building a rocket. Mueller helped Musk put together a detailed spec sheet with costs and all the materials needed to build a rocket, which was instrumental in the early development of SpaceX's rocket technology.",0.9268941413505519,1.0,0.625
28,can you tell me total number of people working in Spacex,The exact number of people working at SpaceX is not included in the provided context.,0.1391671162814479,1.0,1.0
29,What is the cost of rocket travel based on the materials?,"The cost of rocket travel, when broken down to the materials used, is surprisingly low compared to the final price of a rocket. According to the context provided, the cost of goods sold for aerospace-grade materials such as aluminum alloys, titanium, copper, and carbon fiber on the open commodities market is about 2% of what rockets cost. This suggests that the raw materials themselves are a very small fraction of the total cost of a rocket.

The context further explains that in most manufacturing businesses, the actual hard materials typically constitute a much larger percentage of the final product's cost. However, in the aerospace industry, particularly with rockets, the cost is significantly inflated due to other factors. These include the complexity of manufacturing, the need for precision engineering, the extensive testing required, and the high costs associated with ensuring reliability and safety in space travel.

Additionally, the context highlights that the traditional aerospace industry has been characterized by a horizontally-integrated supply chain with multiple layers of subcontractors, each adding their own profit margins. This results in an ""exponential GNA"" (General and Administrative expenses) effect, where costs multiply as each layer adds its own overhead and profit margin. This is a significant factor in the high cost of rockets beyond just the raw materials.

In summary, while the raw materials for rockets are relatively inexpensive, the overall cost of rocket travel is driven up by the complex manufacturing processes, the need for high reliability and safety, and the traditional industry structure with multiple layers of subcontractors each adding to the cost.",0.9777299861174692,1.0,1.0
30,what is the idea about mars oasis,"The idea of the Mars Oasis was an early concept developed by Elon Musk as a way to inspire interest and excitement in space exploration. The plan was to create a ""grand gesture"" that would capture the public's imagination and reignite enthusiasm for space travel. The Mars Oasis project involved purchasing a rocket and sending it to Mars with a payload that included a plant and a robot. The robot would create a greenhouse on Mars, plant the seed, and allow it to grow. The entire process would be captured on video and streamed back to Earth, providing a live feed of a plant growing on Mars. This visual spectacle was intended to serve as a modern equivalent of the iconic ""Earthrise"" photo taken during the Apollo missions, aiming to inspire people worldwide to support and engage with space exploration. The project was initially conceived as a philanthropic and inspirational endeavor rather than a commercial venture. However, the high costs associated with purchasing a rocket and executing the mission led Musk to reconsider the approach, eventually leading to the founding of SpaceX with the broader goal of reducing space transportation costs and enabling the colonization of Mars.",0.9851952803229602,1.0,1.0
31,What was Elon Muskï¿½s initial investment in SpaceX?,"Elon Musk's initial investment in SpaceX was approximately $100 million. After the sale of PayPal to eBay in July 2002, Musk received over $180 million in cash. He decided to invest a significant portion of his fortune into SpaceX, which he founded in June 2002. Musk was determined to fund the company himself to maintain control and ensure that he could not be ousted, as had happened in his previous ventures. This initial investment was crucial in getting SpaceX off the ground and allowed the company to develop its first rockets and engines without relying on outside investors.",0.9731058570765526,1.0,0.8
32,How is Jim Weber's strategic focus influence the revitalization of Brooks Running?,"Jim Weber's strategic focus played a pivotal role in the revitalization of Brooks Running by implementing a clear and concentrated strategy centered on performance running. When Weber took over as CEO in 2001, Brooks was struggling financially, with a broad product line that included various types of footwear beyond running shoes. The company was losing money and was in debt, with a weak brand presence in the market.

Weber's strategy involved a bold decision to narrow the company's focus exclusively to performance running shoes, shedding all other product lines. This focus allowed Brooks to concentrate its resources and efforts on a single category, which was the largest in the athletic footwear industry. By doing so, Brooks could develop a deep expertise and create high-quality products tailored specifically for runners, which helped in building a strong brand identity.

This strategic focus also meant that Brooks could better serve its target market of frequent runners, who are likely to purchase multiple pairs of shoes annually. By concentrating on this segment, Brooks was able to build customer loyalty and increase its market share. The company invested heavily in research and development to ensure that its products met the specific needs of runners, focusing on biomechanics and the fit, feel, and ride of the shoes.

Weber's leadership also involved negotiating independence for Brooks when it was acquired by larger companies, such as Russell Athletic and later Fruit of the Loom, which was owned by Berkshire Hathaway. This independence allowed Brooks to maintain its strategic focus and continue its growth trajectory without being subsumed into the broader operations of its parent companies.

Under Weber's leadership, Brooks Running grew significantly, achieving profitability and eventually becoming the number one running shoe brand in the United States. The company's success was further bolstered by its ability to adapt to market changes, such as the increased interest in running during the COVID-19 pandemic, which Brooks capitalized on by quickly turning its supply chain back on and meeting the rising demand for running shoes.

Overall, Jim Weber's strategic focus on performance running, combined with his ability to maintain the company's independence and adapt to market conditions, was instrumental in revitalizing Brooks Running and establishing it as a leading brand in the athletic footwear industry.",0.9946596676771859,0.8888888888888888,1.0
33,How did Brooks Running approach to market segmentation give it a competitive advantage?,"Brooks Running's approach to market segmentation gave it a competitive advantage by focusing exclusively on performance running gear and targeting frequent runners. This strategic decision allowed Brooks to differentiate itself from competitors who offered a broad range of athletic footwear and apparel across various sports and price points. By narrowing its focus, Brooks was able to concentrate its resources and expertise on developing high-quality running shoes that catered specifically to the needs of serious runners.

1. **Targeting Frequent Runners**: Brooks identified that the real business opportunity lay in trainers rather than racing shoes or spikes. Frequent runners, who put in 20-30 miles a week, would go through multiple pairs of shoes annually, creating a recurring revenue stream. By focusing on this segment, Brooks built customer loyalty and ensured repeat purchases.

2. **Product Development and Innovation**: Brooks invested heavily in R&D to create running shoes that addressed the biomechanics and habitual joint motion of runners. This focus on engineering materials specifically for running ensured that Brooks' products met the high standards of performance runners, further solidifying its reputation in the market.

3. **Brand Positioning**: Brooks positioned itself as a brand that celebrated all runners, not just elite athletes. This inclusive approach made the brand approachable and appealing to a broader audience, including those new to running. The brand's emphasis on performance without the seriousness associated with competition resonated with its target market.

4. **Retail Partnerships and Multichannel Strategy**: Brooks developed strong partnerships with specialty running stores and other retailers that catered to its target market. This allowed Brooks to effectively reach its audience and provide them with the products they needed. The company's ability to adapt to digital sales channels during the pandemic further demonstrated its agility and understanding of market dynamics.

5. **Data-Driven Insights**: Brooks leveraged data from platforms like Strava to understand running trends and participation rates. This data-driven approach allowed Brooks to anticipate market needs and adjust its strategies accordingly, ensuring that it remained relevant and competitive.

Overall, Brooks Running's focused market segmentation strategy allowed it to build a strong brand identity, foster customer loyalty, and maintain a competitive edge in the performance running market.",0.9880797080077756,0.875,1.0
34,What was the patent Heddy developed? Was it publicly available?,"Hedy Lamarr, along with her neighbor George Antheil, developed a novel technique to defeat radio frequency (RF) jamming by using frequency hopping. This concept was described in a patent they were issued, which became the origin of spread spectrum technology. The patent was issued in 1942 and remained confidential for decades within the U.S. military. It was not declassified until 1981, meaning it was not publicly available for nearly four decades. The technique involved using frequency hopping to transmit messages across a variety of spectrums, which could evade jamming and was also efficient for using radio bandwidth.",0.9437823499114202,1.0,1.0
35,Why were patents developed by Heddy had 88 frequency hops ?,"The patents developed by Hedy Lamarr and George Antheil had 88 frequency hops because they used the concept of a piano keyboard to design their frequency hopping system. In their prototype, they utilized player piano scrolls, which are essentially rolls of paper with perforations that dictate the notes to be played on a player piano. Each note on the piano was mapped to a different frequency. Since a standard piano has 88 keys, their system incorporated 88 frequency hops, corresponding to the 88 keys on a piano. This innovative approach allowed them to create a method for frequency hopping, which was intended to prevent radio jamming by rapidly switching frequencies during transmission.",0.9904650533375733,1.0,1.0
36,What was the role of Trump administration on the takeover of Broadcomm over Qualcomm and why the decision was made?,The exact information regarding the role of the Trump administration in the takeover of Broadcom over Qualcomm and the reasons for the decision is not included in the provided context.,0.22903254120494482,1.0,1.0
37,what is one decision Porsche made to improve business that went against industry norm?,"One significant decision Porsche made to improve its business, which went against industry norms, was the introduction of the Porsche Cayenne SUV in 2003. At the time, Porsche was primarily known for its sports cars, particularly the iconic 911. The decision to enter the SUV market was seen as controversial and risky, as it diverged from Porsche's traditional brand image centered around high-performance sports cars.

The Cayenne was Porsche's first foray into the SUV segment, and it was a move that many industry observers and enthusiasts initially criticized. The SUV market was not typically associated with luxury sports car manufacturers, and there was a concern that producing an SUV could dilute Porsche's brand identity and alienate its core customer base.

However, the decision to produce the Cayenne proved to be a strategic masterstroke. The SUV became a massive commercial success, significantly boosting Porsche's sales and profitability. It allowed Porsche to tap into a rapidly growing market segment and attract a new customer base, including families and individuals seeking a luxury vehicle with more practicality than a traditional sports car.

The success of the Cayenne demonstrated that Porsche could expand its product lineup beyond sports cars without compromising its brand value. It also paved the way for the introduction of other non-traditional models, such as the Panamera sedan and the Macan compact SUV, further solidifying Porsche's position as a versatile luxury car manufacturer.

This strategic move not only helped Porsche weather economic downturns by diversifying its product offerings but also contributed to the company's long-term growth and financial stability. The Cayenne's success showed that Porsche could innovate and adapt to changing market demands while maintaining its reputation for quality and performance.",0.9966914021675279,1.0,0.96
38,What city owns 20% of volkswagen and why,"The city that owns 20% of Volkswagen is the state of Lower Saxony in Germany. This ownership is a result of the Volkswagen Law, which was designed to protect Volkswagen from takeovers. The law stipulates that no shareholder in Volkswagen AG can exercise more than 20% of the firm's voting rights, regardless of their level of stock holding. This law was intended to safeguard Volkswagen as a national treasure and prevent it from being taken over by corporate raiders. The state of Lower Saxony's ownership is part of this protective measure, ensuring that Volkswagen remains under significant German control.",0.9904650525612515,1.0,1.0
39,What's Startup Garage at Stanford's GSB?,"Startup Garage is a class at Stanford's Graduate School of Business (GSB) that is co-taught with the design school, the d.school. It is an interdisciplinary, two-quarter class where students apply as fully-formed teams to build a product or service with the intention of launching a company as part of the class. The course is designed to encourage students to create and develop a startup, providing them with the opportunity to work on real-world entrepreneurial projects. The class is known for its focus on practical application and innovation, and it has a reputation for being a ""legendary"" class at GSB.",0.9817574482159502,1.0,1.0
40,Who is the owner of the shop that ispired the idea behind the doordash app?,"The owner of the shop that inspired the idea behind the DoorDash app is a woman named Chloe, who owned the Chantal Guillon Macaron Shop in Downtown Palo Alto. During a design interview with the DoorDash founders, Chloe expressed her frustration with managing delivery orders, as she had no drivers to fulfill them and was handling all the deliveries herself. This revelation led the founders to explore the delivery needs of other local businesses, ultimately inspiring the creation of DoorDash.",0.9904650532513152,1.0,1.0
41,Where was the first customer of paloaltodelivery.com working at? what was he doing at Stanford?,"The first customer of paloaltodelivery.com was Bruce Barcott. He was working at Leafly, a marijuana company, and had written a book called ""Weed the People"" about legalizing marijuana. At the time of his order, he was a visiting author at Stanford.",0.8330807027252686,1.0,1.0
42,What seminar did Sam Walton enroll himself in in poughkeepsie New York,"In 1966, Sam Walton enrolled himself in a seminar at IBM in Poughkeepsie, New York. The seminar was focused on how to use computing technology in business. Walton, who was the Chairman and CEO of Walmart at the time, was starting to get the sense that computing technology could be a significant disruptor in the retail industry, much like discounting had been. Despite his initial reluctance to spend money on computers, he recognized the potential benefits of technology for Walmart's operations and wanted to learn more about it. This seminar marked the beginning of Walmart's journey into becoming a technology-driven company, which played a crucial role in its growth and success.",0.993991334835761,1.0,1.0
43,What Percentage of Rent to Sales did Sam Waltons first Ben Franklin cost,Sam Walton's first Ben Franklin store had a rent that was 5% of sales. This was considered the highest rent anybody had ever heard of in the variety store business at the time.,0.47580944664546554,1.0,1.0
44,How much top line revenue % did walmart see a year after their IPO 1972,"A year after Walmart's IPO in 1970, they experienced a top line revenue growth of 77%.",0.19831195916696875,1.0,0.0
45,why did Nvidia use a startup Foundry emulation software to produce their chips at some point,"NVIDIA used a startup's foundry emulation software to produce their chips because they were in a critical situation where they needed to design and ship a new chip within a very tight timeline of nine months, which was much shorter than the typical two-year cycle for chip design. This urgency was due to the company being on the brink of bankruptcy, with only nine months of runway left.

The traditional process of designing chips involved working on the design, sending it to a foundry to produce prototypes, testing them, and going back and forth a few times before finalizing the design, known as a tape-out. This process was too slow for NVIDIA's needs at the time.

To accelerate the process, Jensen Huang, NVIDIA's CEO, decided to use emulation technology to design their chips. This technology allowed them to emulate the graphics chip in software, which was significantly faster than the traditional method. However, the emulation was very slow, running at one frame every 30 seconds, making the debugging process extremely tedious. Despite this, it allowed NVIDIA to bypass the lengthy prototype testing phase and go directly to production.

They spent a significant portion of their remaining cash, about a third, on acquiring the emulation hardware and software. This decision was a high-risk, high-reward strategy that ultimately paid off, allowing them to ship the RIVA 128 chip in a fraction of the time it would have taken using traditional methods. This chip was a major success, selling one million units within four months and helping to save the company from bankruptcy.",0.9320821289929858,1.0,0.8636363636363636
46,What did Nvidia call its first graphics card,"NVIDIA's first graphics card was called the NV1. This was the initial product they developed after the company was founded. The NV1 was part of NVIDIA's early efforts to create a graphics card that could accelerate 3D graphics on consumer PCs, aiming to bring the high-end graphics capabilities of professional workstations to the consumer market.",0.928254872653814,1.0,1.0
47,Why did Jensen decide to write and send a letter through a physical address to Morris of TSMC,"Jensen Huang, the CEO of NVIDIA, decided to write and send a physical letter to Morris Chang, the founder of TSMC, because he was unable to get in touch with TSMC through any of the usual sales channels. At that time, NVIDIA was a relatively small and struggling company, and TSMC, being a major player in the semiconductor manufacturing industry, was not responsive to NVIDIA's attempts to establish a business relationship. By writing a letter directly to Morris Chang, Jensen aimed to bypass the standard communication barriers and appeal directly to the top decision-maker at TSMC. This direct approach was successful, as Morris Chang personally called Jensen after receiving the letter, which led to a significant partnership between NVIDIA and TSMC.",0.9904650541138945,1.0,1.0
48,What was Peloton original price,"Peloton originally priced their bike at $1200 when they first tried to start selling it. However, they realized that at this price point, people perceived the hardware as not being of high quality. To address this perception and position the bike as a premium, aspirational product, they raised the price to $2245. This price increase helped signal the value and quality of the bike to potential customers, which in turn helped sales take off.",0.9851952805752188,1.0,1.0
49,How much stock did John Foley had in Peloton in 2022,"In 2022, John Foley controlled approximately 39.6% of the voting power of Peloton's stock. This information is based on Peloton's proxy statement, as mentioned in the context.",0.2684712364307349,1.0,1.0
50,What percentage of NBA league revenue since 1983 has been contractually going to players?,"Since 1983, the NBA has had a collective bargaining agreement in place that stipulates that in aggregate, the league will pay the players 53% of the total gross revenue. This agreement effectively makes the players partners in the league's financial success, as they are entitled to over half of the revenue generated by the league. This revenue-sharing model has been a cornerstone of the NBA's economic structure since it was negotiated, ensuring that players receive a significant portion of the league's earnings.",0.9817574480668038,1.0,1.0
51,"What is the analogy in the Podcast for ""Bitcoin is calculator, let's build a computer""?","In the podcast, the analogy for ""Bitcoin is a calculator, let's build a computer"" is discussed in the context of Bitcoin's role and potential in the broader financial and technological ecosystem. The analogy is used to describe Bitcoin as a foundational technology that, while revolutionary in its own right, represents just the beginning of what can be achieved with blockchain and cryptocurrency technologies.

The podcast hosts discuss how Bitcoin was initially created to replace the payments layer on the internet, aiming to create a low transaction cost payment system with no fraud. However, as the technology and its use cases have evolved, it has become clear that Bitcoin is not ideally suited for high-velocity, low-value transactions due to its current limitations in speed and cost. Instead, Bitcoin has found a more fitting role as a secure store of value, akin to a digital gold, rather than a day-to-day transactional currency.

The analogy suggests that while Bitcoin is a powerful tool (like a calculator), there is potential to build more complex and capable systems (like a computer) on top of the foundational technology that Bitcoin represents. This is where other blockchain projects, such as Ethereum and decentralized finance (DeFi) applications, come into play. These projects aim to build more advanced and versatile systems that can handle a wider range of financial transactions and smart contracts, effectively expanding the capabilities of what blockchain technology can achieve beyond what Bitcoin alone can offer.

In summary, the analogy highlights the idea that Bitcoin is a starting point, a foundational technology that opens the door to more complex and capable systems in the blockchain and cryptocurrency space.",0.9348645123979361,1.0,0.6666666666666666
52,What is the connection to Vitalik to the year 1994 and what was his parent's condition and Russia during the time?,"Vitalik Buterin was born in January 1994 in Russia. At the time of his birth, his parents were undergraduate computer science students. The context describes Russia during this period as being in a state of significant turmoil. The Soviet Union had collapsed a few years prior, leading to hyperinflation, a depression, and widespread economic hardship. Life expectancy in Russia had declined by over 10 years from the collapse of the Soviet Union to the time of Vitalik's birth, with the average life expectancy dropping to around 50 years. Additionally, Vitalik's parents divorced not long after he was born, although they maintained an amicable relationship and prioritized providing Vitalik with opportunities.",0.88089783440604,1.0,1.0
53,What was argument before Vtalik's presentation in Miami?,The exact information about the argument before Vitalik's presentation in Miami is not included in the provided context.,0.17766585296153092,1.0,1.0
54,what was the worst stock price percentage down in a day for NVIDIA ?,"The context provided does not specify the exact worst stock price percentage down in a day for NVIDIA. It mentions several instances where NVIDIA's stock experienced significant declines, such as an 80% drop during the financial crisis and a 50% drawdown in 2011 and again in 2018, but it does not specify the worst single-day percentage drop.",0.7999999999999999,1.0,1.0
55,"In 2012, What is the  competition against imageNet Database and what was the error rate compared to others & who won the competition?","In 2012, the ImageNet competition was won by a team from the University of Toronto. They submitted an algorithm called AlexNet, which was a convolutional neural network, a branch of artificial intelligence known as deep learning. AlexNet achieved a significant breakthrough by winning the competition with an error rate of approximately 15%. This was a substantial improvement over the best previous algorithms, which had error rates of around 25%. The success of AlexNet marked a pivotal moment in the field of artificial intelligence, demonstrating the potential of deep learning and neural networks when implemented on GPUs, specifically using NVIDIA's CUDA platform.",0.998593637401056,1.0,1.0
56,What is NVIDIA free cash flow in billions  every year? ,NVIDIA generates $8 billion of free cash flow every year.,0.1496126513800501,1.0,1.0
57,What is the difference between recurrent neural networks and convolutional neural networks?,"Recurrent Neural Networks (RNNs) and Convolutional Neural Networks (CNNs) are both types of artificial neural networks used for different types of tasks in machine learning, and they have distinct architectures and applications.

**Recurrent Neural Networks (RNNs):**

1. **Architecture and Functionality:**
   - RNNs are designed to recognize patterns in sequences of data, such as time series or natural language.
   - They have a unique architecture that includes loops, allowing information to persist. This means they can use their internal state (memory) to process sequences of inputs.
   - RNNs are particularly useful for tasks where the context or order of the data is important, such as language modeling, speech recognition, and time-series prediction.

2. **Sequential Processing:**
   - RNNs process inputs sequentially, maintaining a 'memory' of previous inputs in the sequence. This makes them suitable for tasks where the order of data points is crucial.
   - However, this sequential nature can lead to difficulties in training, such as the vanishing gradient problem, which makes it hard for RNNs to learn long-range dependencies.

3. **Limitations:**
   - RNNs have a relatively short context window, meaning they can struggle to remember information from earlier in the sequence when processing long sequences.

**Convolutional Neural Networks (CNNs):**

1. **Architecture and Functionality:**
   - CNNs are primarily used for processing data with a grid-like topology, such as images.
   - They consist of layers that apply convolution operations to the input, which helps in capturing spatial hierarchies in the data.
   - CNNs are particularly effective for image-related tasks, such as image classification, object detection, and image segmentation.

2. **Parallel Processing:**
   - CNNs can process multiple parts of the input data simultaneously, making them highly efficient for tasks where the spatial arrangement of data is important.
   - This parallelism allows CNNs to be trained more efficiently on large datasets compared to RNNs.

3. **Limitations:**
   - CNNs are not inherently designed to handle sequential data or data where the temporal order is important, which is where RNNs excel.

In summary, RNNs are suited for sequential data where the order of inputs matters, while CNNs are designed for spatial data, such as images, where the arrangement of data points is crucial. Each type of network has its strengths and is chosen based on the specific requirements of the task at hand.",0.9437823499114202,1.0,1.0
58,What did Jensen Huang say in the Stratechery interview in March 2023 about the year 2022?,The exact information about what Jensen Huang said in the Stratechery interview in March 2023 regarding the year 2022 is not included in the provided context.,0.19999999999999998,1.0,1.0
59,What is CUDA's most unique feature?,"CUDA's most unique feature is its ability to enable general-purpose computing on NVIDIA GPUs through a comprehensive development framework. This framework includes a programming model that supports parallel computing, which is essential for leveraging the thousands of cores available on modern GPUs. CUDA is not just a programming language or an API; it is a full stack that includes compilers, libraries, and tools designed to optimize and accelerate computing tasks across various domains.

One of the standout aspects of CUDA is its integration with NVIDIA's hardware, making it proprietary and exclusive to NVIDIA GPUs. This means that any software developed using CUDA can only be deployed on NVIDIA hardware, creating a strong lock-in effect for developers and enterprises that choose to use it. This exclusivity is a strategic advantage for NVIDIA, as it ties the software ecosystem directly to their hardware products.

CUDA's design for parallel execution from the ground up allows it to handle tasks that are ""embarrassingly parallel,"" such as deep learning and scientific computing, with exceptional efficiency. This capability has made it a critical tool in the rise of AI and machine learning, where massive parallel processing is required to train complex models.

Overall, CUDA's unique feature lies in its comprehensive, integrated approach to enabling high-performance parallel computing on NVIDIA GPUs, supported by a robust ecosystem of tools and libraries that cater to a wide range of scientific, industrial, and commercial applications.",0.9679178688280642,1.0,1.0
60,Where did the issuance of the first banknotes originate?,The exact information about the origin of the issuance of the first banknotes is not included in the provided context.,0.19445780863711837,1.0,1.0
61,what happen on 2013 in relation to bitcoin ,"In 2013, several significant events occurred in relation to Bitcoin:

1. **Silk Road Shutdown**: The Silk Road, an online black market and the first modern darknet market, was shut down by the FBI in October 2013. The Silk Road had been a major platform for illegal transactions using Bitcoin, which significantly contributed to Bitcoin's early adoption and transaction volume. The FBI arrested Ross Ulbricht, who was operating under the pseudonym ""Dread Pirate Roberts,"" at the Glen Park Library in San Francisco. This event marked a major crackdown on illegal activities facilitated by Bitcoin.

2. **Bitcoin Price Surge**: Despite the shutdown of Silk Road, 2013 was a breakout year for Bitcoin in terms of price. The price of Bitcoin started the year at just over $13 and surged to $770 by January 1, 2014. This dramatic increase in price was part of a broader trend of growing interest and investment in Bitcoin.

3. **Mt. Gox Issues**: Mt. Gox, the largest Bitcoin exchange at the time, began experiencing significant issues in 2013. In April, the exchange was overwhelmed by trading volume, leading to a suspension of trading and a subsequent crash in Bitcoin's price. By June, Mt. Gox stopped allowing withdrawals in US dollars, signaling deeper operational problems that would eventually lead to its collapse in early 2014.

These events collectively contributed to both the growing mainstream awareness of Bitcoin and the volatility that characterized its early years.",0.9132964256337693,1.0,1.0
62,does bitcoin have a higher appreciation per year as compared to gold?,"The provided context does not include specific information comparing the annual appreciation rates of Bitcoin and gold. Therefore, I cannot determine whether Bitcoin has a higher appreciation per year compared to gold based on the context given.",0.6838044650322168,1.0,0.5
63,how did Winklevoss brother changed the bitcoin market ,The exact information about how the Winklevoss brothers changed the Bitcoin market is not included in the provided context.,0.17953946577706198,1.0,1.0
64,"In February 1967, Warren Buffet decide to transform Berkshire into an insurance company. How much time did it take for Warrne Buffet to work out on a deal?","In February 1967, Warren Buffett worked out a deal to transform Berkshire into an insurance company in just 15 minutes. He was having lunch with Jack Ringwalt, the owner of National Indemnity, and managed to negotiate the purchase of the company for Berkshire Hathaway in that short amount of time. Buffett agreed to the price Ringwalt wanted, without requiring audited financials, and promised to keep the company in Omaha and not to fire any employees. This quick negotiation was part of Buffett's strategy to transform Berkshire Hathaway from a failing textile manufacturer into a successful insurance company, leveraging the float from the insurance business to fuel further investments.",0.9777299861174692,1.0,0.8571428571428571
65,What is Warren Buffet net worth after working at Graham-Newman for two years?,"After working at Graham-Newman for two years, Warren Buffett's net worth was about $175,000. This amount was significantly higher than the average yearly salary for a worker in the United States at that time, which was $4,800. At 26 years old, Buffett had accumulated this substantial net worth, which was equivalent to a few million dollars in today's terms.",0.906601039719973,1.0,1.0
66,On which day of the week did Warren Buffet talked with Lorimer and for how long?,Warren Buffett talked with Lorimer Davidson on a Saturday morning. They had a conversation that lasted for four hours.,0.4421369748421634,1.0,1.0
67,"Which company, in addition to Facebook and Google, showed interest in WhatsApp?","In addition to Facebook and Google, Tencent showed interest in acquiring WhatsApp. The context reveals that Tencent, which is a major player in the social and messaging app space in China with its WeChat platform, was ready to make a deal to buy WhatsApp for a price in the high single-digit billions. The deal was reportedly quite advanced, and Pony Ma, the CEO of Tencent, was scheduled to travel to California to finalize the acquisition with Jan Koum, Brian Acton, and Jim Goetz. However, the trip was delayed due to Pony Ma needing back surgery. This delay occurred around late January to early February 2014, during which time Facebook's Mark Zuckerberg also made a move to acquire WhatsApp, ultimately succeeding with a $19 billion offer.",0.9106929730101336,0.875,0.3
68,"During high school year, which online security community Jan Koum was part of? ",The exact information about which online security community Jan Koum was part of during his high school years is not included in the provided context.,0.2041575659253536,1.0,1.0
69,What business strategies did Jan used to increase the popularity of the WhatsApp product?,"Jan Koum employed several strategic approaches to increase the popularity of WhatsApp:

1. **Leveraging the Address Book**: One of the key innovations was using phone numbers as identifiers instead of usernames. This allowed WhatsApp to automatically connect users with their existing contacts, solving the cold start problem that many social networks face. By accessing the phone's address book, WhatsApp could immediately show users which of their contacts were already using the app, facilitating instant communication without the need for users to manually add friends.

2. **Growth Hacks**: In the early days, Jan used a clever growth hack by frequently changing the app's name slightly. This tactic ensured that WhatsApp appeared in the ""What's New"" section of the App Store regularly, attracting new users who were browsing for new apps.

3. **Push Notifications**: The introduction of push notifications for third-party apps by Apple was a turning point. Initially, Jan used push notifications to broadcast status updates to all contacts, but this feature quickly evolved into a full-fledged messaging service. Push notifications allowed WhatsApp to engage users more effectively by alerting them to new messages, which was crucial for a messaging app.

4. **Monetization Strategy**: WhatsApp initially charged a $0.99 fee for the app in certain markets. This not only provided a revenue stream to cover server costs but also helped manage growth by slightly throttling the rate of new user acquisition, ensuring that the infrastructure could keep up with demand.

5. **Focus on User Experience**: WhatsApp was designed to be simple and straightforward, focusing on core messaging functionality without the clutter of additional features. This simplicity made it appealing to a broad audience, especially in international markets where users were looking for a reliable SMS alternative.

6. **International Appeal**: By offering a cost-effective alternative to SMS, especially in regions where texting was expensive, WhatsApp quickly gained traction. The app's ability to send messages over data networks rather than traditional SMS networks was a significant draw for users in countries with high SMS costs.

7. **End-to-End Encryption**: WhatsApp implemented full end-to-end encryption, which became a significant selling point for privacy-conscious users. This move not only enhanced user trust but also differentiated WhatsApp from other messaging services that did not offer the same level of security.

These strategies collectively contributed to WhatsApp's rapid growth and widespread adoption, making it the most popular messaging application in the world by 2015.",0.9777299857712596,0.95,1.0
70,What company did Disney invest in and eventually purchase for the technology to enable their streaming services platform?,"Disney invested in and eventually purchased BAMTech for the technology to enable their streaming services platform. Initially, Disney acquired a minority stake in BAMTech for $1 billion in 2016. They later acquired a majority stake in 2017, spending a total of $2.6 billion. BAMTech was a technology provider known for delivering streaming content, both for live sports and entertainment services. This acquisition was strategic for Disney as it provided the necessary technology infrastructure to launch and support their streaming services, including ESPN Plus and Disney Plus. BAMTech was considered the best in the business, other than Netflix, for delivering streaming content, making it a crucial component in Disney's transition to direct-to-consumer streaming services.",0.9880797074828074,1.0,1.0
71,What was the result of the shareholder no confidence bid against Bob Eisner after the failed Disney takeover bid by Comcast?,"The shareholder no confidence bid against Michael Eisner, not Bob Eisner, resulted in a significant outcome. During the March 2004 shareholder meeting, an astounding 43% of Disney shareholders voted no confidence in Eisner. This level of dissent was highly unusual and indicated a strong lack of support for Eisner's leadership. In the immediate aftermath of the vote, the Disney board convened and decided to strip Eisner of his chairman title, although he remained CEO. Eisner subsequently announced that he would step down from the company at the end of his contract, which was set to expire in 2006. However, he ended up leaving earlier than planned. This marked a significant turning point for Disney, as it led to a search for a new CEO, with Bob Iger eventually being appointed to the position.",0.9377540664098072,1.0,0.8571428571428571
72,What position did Bob Eisner have and in what company when Disney acquired it?,"Bob Iger was the President of ABC when Disney acquired Capital Cities/ABC in 1995. At the time of the acquisition, he was responsible for overseeing ABC's sports, news, and entertainment divisions.",0.8097215830055042,1.0,1.0
73,What did Jeffrey Skilling say to the dean of Harvard Business School during his entrance interview?,"During his entrance interview with the dean of Harvard Business School, Jeffrey Skilling was asked if he was smart. Skilling responded to the dean by saying, ""I'm effing smart,"" although he did not use the exact words ""effing,"" as this is a family-friendly paraphrase. This response is indicative of Skilling's confidence and assertiveness, traits that were notable throughout his career.",0.8883687939489032,1.0,1.0
74,What was the singular condition that Jeffrey Skilling requested before joining Enron?,"Jeffrey Skilling insisted that Enron adopt mark-to-market accounting as a condition for him joining the company. This was a non-negotiable requirement for Skilling, as he realized that he could not build the business he envisioned without this accounting method. Mark-to-market accounting allowed Enron to recognize projected future cash flows from contracts as current revenue, which was crucial for the type of financial operations Skilling wanted to implement at Enron. Despite initial resistance from Arthur Andersen, Enron's auditors, and the SEC, Skilling was able to convince the SEC to allow Enron to use this accounting method, which played a significant role in the company's financial practices and eventual downfall.",0.9777299854250499,0.75,0.625
75,What historic event took investigative pressure off of Enron before its stock collapsed?,"The historic event that took investigative pressure off of Enron before its stock collapsed was the September 11th terrorist attacks in 2001. The attacks caused a significant distraction for the media, investors, and the general public, which temporarily shifted attention away from the growing scrutiny and financial issues at Enron. This reprieve allowed Enron to avoid immediate collapse, as the focus on the attacks and their aftermath provided a temporary cover for the company's deteriorating financial situation. However, this was only a short-lived respite, as the scrutiny resumed once the immediate aftermath of the attacks subsided, leading to the eventual exposure of Enron's financial malpractices and its subsequent bankruptcy.",0.9679178699175394,1.0,1.0
76,How did Enron remove investments from its accounting books?,"Enron removed investments from its accounting books by using special-purpose entities (SPEs). These entities were separate legal structures that allowed Enron to offload investments and liabilities from its balance sheet. The key mechanism was that as long as at least 3% of the capital in an SPE came from outside investors, Enron could still own 97% of the economics of that entity and remove it from its consolidated accounting books. This meant that Enron could effectively hide debt and losses by transferring them to these SPEs, making its financial statements appear healthier than they actually were.

Enron's CFO, Andrew Fastow, played a significant role in setting up these SPEs. He created a fund, LJM Capital, which was used to provide the necessary 3% outside capital for these entities. Fastow was both the CFO of Enron and the general partner of LJM, creating a significant conflict of interest. This arrangement allowed Enron to engage in transactions with these SPEs, recognizing revenue from these deals and further inflating its financial performance.

The use of SPEs was a critical part of Enron's strategy to manipulate its financial statements, ultimately contributing to the company's collapse when the true nature of these off-balance-sheet liabilities was revealed.",0.986703575057939,1.0,1.0
77,The fall of Enron is similar to what other bankruptcy from 2022?,"The fall of Enron is similar to the bankruptcy of FTX in 2022. Both cases involve significant financial fraud and mismanagement, leading to the collapse of large companies that were once highly regarded in their respective industries.

1. **Fraud and Mismanagement**: Both Enron and FTX were involved in fraudulent activities and mismanagement. Enron used complex accounting practices, such as mark-to-market accounting and off-balance-sheet entities, to hide its financial losses and inflate its profits. Similarly, FTX was involved in misusing customer funds and lacked proper financial controls, leading to its downfall.

2. **Market Manipulation**: Enron manipulated energy markets, particularly in California, to create artificial shortages and drive up prices, which contributed to its eventual collapse. FTX, on the other hand, was involved in risky trading practices and allegedly used its own token, FTT, as collateral, which contributed to its financial instability.

3. **Impact on Stakeholders**: Both collapses had significant impacts on stakeholders. Enron's bankruptcy affected thousands of employees, investors, and pension funds, leading to substantial financial losses. FTX's collapse similarly affected investors, customers, and the broader cryptocurrency market, causing significant financial losses and shaking confidence in the industry.

4. **Regulatory and Legal Consequences**: The Enron scandal led to the creation of the Sarbanes-Oxley Act, which aimed to improve corporate governance and financial transparency. The FTX collapse has prompted calls for increased regulation and oversight in the cryptocurrency industry to prevent similar incidents in the future.

5. **Public and Media Attention**: Both cases received extensive media coverage and public attention due to the scale of the fraud and the prominence of the companies involved. Enron was once the seventh-largest company in the U.S., while FTX was a major player in the cryptocurrency market.

Overall, the fall of Enron and the bankruptcy of FTX share similarities in terms of fraudulent practices, market manipulation, and the significant impact on stakeholders, leading to increased scrutiny and calls for regulatory reforms in their respective industries.",0.9500000000000002,1.0,0.7777777777777778
78,What metrics did FTX judge itself by?,"FTX judged itself by several key metrics, focusing on both its market position and operational performance. Here are the primary metrics mentioned in the context:

1. **Volume and Market Position**: FTX tracked its growth in terms of trading volume and its ranking among global exchanges. As of the time discussed, FTX was the third largest by volume and the second largest by open interest, with a typical daily volume of around $15 billion globally.

2. **User Base**: The number of users was another important metric, with FTX having a few million users at the time.

3. **Product Offering and Innovation**: FTX aimed to expand its product suite, particularly in the U.S. market, where it anticipated launching derivatives. The ability to innovate and offer new products was a critical measure of success.

4. **Regulatory Engagement**: FTX placed importance on its regulatory strategy, including acquiring licenses and engaging with regulators, as evidenced by its acquisition of LedgerX to facilitate the launch of derivatives in the U.S.

5. **Brand and Trust**: While not a direct metric, FTX focused on building its brand and trust through strategic partnerships and endorsements, which were seen as essential for long-term success and market expansion.

These metrics reflect FTX's strategic focus on growth, market leadership, product innovation, regulatory compliance, and brand development.",0.9268941421369993,1.0,1.0
79,When was Trip Hawkins exposed to Computers?,"Trip Hawkins was first exposed to computers during his high school years. He was trying to engage his friends in playing strategy games, which he found mentally stimulating, but many found them too complex and time-consuming. This led him to the realization that computers could automate the administrative aspects of these games, making them more accessible and engaging. This exposure to computers sparked his interest in using them to create interactive experiences, which eventually influenced his career path in the gaming industry.",0.9817574473210714,1.0,0.25
80,What was Trip Hawkins favorite game growing up?,"Trip Hawkins' favorite game growing up was Strat-O-Matic. He discovered this game, which involved rolling dice and using player cards to simulate baseball games, when he was about 10 years old. Hawkins was fascinated by the strategy involved in the game and even figured out Bayesian probability theory from studying the dice. He realized the significance of the different probabilities associated with rolling certain numbers, which influenced his strategic decisions in the game. This early interest in games and strategy played a significant role in shaping his future career in the gaming industry.",0.9904650542864106,1.0,1.0
